{"cameraMode":{"drawMode":0,"name":"Shaded","section":"Shading Mode"},"sceneLighting":false,"audioPlay":false,"sceneViewState":{"showFog":true,"showMaterialUpdate":false,"showSkybox":false,"showFlares":true,"showImageEffects":true,"showParticleSystems":true},"in2DMode":false,"pivot":{"x":-0.00003078579902648926,"y":0.09931725263595581,"z":0.025260552763938905},"rotation":{"x":-0.18034899234771729,"y":0.7733944654464722,"z":-0.2522900104522705,"w":-0.5529569983482361},"size":1.0934244394302369,"orthographic":false}