{"cameraMode":{"drawMode":0,"name":"Shaded","section":"Shading Mode"},"sceneLighting":true,"audioPlay":false,"sceneViewState":{"showFog":true,"showMaterialUpdate":false,"showSkybox":true,"showFlares":true,"showImageEffects":true,"showParticleSystems":true},"in2DMode":false,"pivot":{"x":-1.4520010948181153,"y":0.7693689465522766,"z":0.8133891820907593},"rotation":{"x":-0.0559164397418499,"y":0.7457147836685181,"z":-0.06298007071018219,"w":-0.6611225605010986},"size":5.4270405769348148,"orthographic":false}